<?xml version="1.0" encoding="UTF-8"?>
<!DOCTYPE mapper PUBLIC "-//mybatis.org//DTD Mapper 3.0//EN" "http://mybatis.org/dtd/mybatis-3-mapper.dtd" >
<mapper namespace="xmu.mall.goodsindex.zjh.mapper.ShoppingCartMapper">
	<resultMap type="xmu.mall.goodsindex.zjh.model.ShoppingCart" id="ShoppingCartResult">
		<id column="id" property="id" />
		<result column="userId" property="userId" />
		<result column="goodsId" property="goodsId" />
		<result column="goodsNumber" property="goodsNumber" />
			<association property="goods" column="goodsId" javaType="xmu.mystore.goodsmgt.wcf.model.Goods">
				<result column="name" property="name" />
				<result column="stock_count" property="stock_count" />
				<result column="redeem_point" property="redeem_point" />
				<result column="image_path" property="image_path" />
				<result column="real_price" property="real_price" />
				<result column="description" property="description" />
				<result column="serial_code" property="serial_code" />
			</association>
	</resultMap>

	<select id="getShoppingCartListByUserId" resultMap="ShoppingCartResult" parameterType="java.lang.Long">
		select 
		main_shoppingcart.id as id,
		main_shoppingcart.goodsId as goodsId,
		main_shoppingcart.goodsNumber as goodsNumber,
		main_goods.name,
		main_goods.stock_count,
		main_goods.redeem_point,
		main_goods.image_path,
		main_goods.real_price,
		main_goods.description,
		main_goods.serial_code
		from main_shoppingcart,main_goods
		where userId=#{id}
		and main_goods.id=main_shoppingcart.goodsId
	</select>
	
	<select id="selectCartByGoodsIdAndUserId" resultMap="ShoppingCartResult" parameterType="xmu.mall.goodsindex.zjh.model.ShoppingCart">
		select id,goodsNumber
		from main_shoppingcart
		where goodsId=#{goodsId} and userId=#{userId}
	</select>
	
	<insert id="add" parameterType="xmu.mall.goodsindex.zjh.model.ShoppingCart">
		insert into
		main_shoppingcart(userId,goodsId,goodsNumber)
		values(#{userId},#{goodsId},#{goodsNumber})
	</insert>
	
	<update id="update" parameterType="xmu.mall.goodsindex.zjh.model.ShoppingCart">
		update main_shoppingcart
		set goodsNumber=#{goodsNumber}
		where id=#{id}
	</update>
	
	<update id="addGoodsNumber" parameterType="xmu.mall.goodsindex.zjh.model.ShoppingCart">
		update main_shoppingcart
		set goodsNumber=goodsNumber+#{goodsNumber}
		where id=#{id}
	</update>
	
	<delete id="delete" parameterType="xmu.mall.goodsindex.zjh.model.ShoppingCart">
		delete from main_shoppingcart where id=#{id}
	</delete>
	
	
	<delete id="deleteByUserIdAndGoodsId">
		delete from main_shoppingcart where userId=#{user_id} and goodsId=#{goods_id}
	</delete>
	
</mapper>